Workbook

Sheet Annahmen
A1: Cirrus SF50 Vision Jet G3 – Startstrecken-, Zuladungs- und Reichweitenanalyse
A2: Quelle Flugzeugdaten: cirrusaircraft.com/aircraft/vision-jet (Stand 07/2026) · Flugplatzdaten: OurAirports (Open Data)
A4: FLUGZEUGDATEN (Herstellerangaben)
A5: Max. Startmasse (MTOW) | B5: 2727 | C5: kg
A6: Leermasse (BEW, Standardausstattung) | B6: 1610 | C6: kg
A7: Max. Masse ohne Kraftstoff (MZFW) | B7: 2223 | C7: kg
A8: Max. ausfliegbarer Kraftstoff | B8: 907 | C8: kg
A9: Max. Kraftstoff (Volumen) | B9: 296 | C9: US gal
A10: Startstrecke über 15 m Hindernis (MSL, ISA, MTOW) | B10: 858 | C10: m
A11: Startrollstrecke (MSL, ISA, MTOW) | B11: 582 | C11: m
A12: Landerollstrecke | B12: 494 | C12: m
A13: Max. Reisegeschwindigkeit | B13: 317 | C13: KTAS
A14: Max. Reichweite (Herstellerangabe) | B14: 1275 | C14: NM
A16: ANNAHMEN (blau = frei änderbar)
A17: Masse je Person (inkl. Handgepäck) | B17: 70 | C17: kg
A18: Gepäck je Person | B18: 20 | C18: kg
A19: Sicherheits-/Temperaturzuschlag (ISA+15, nass, Marge) | B19: 1.3 | C19: Faktor
A20: Höhenzuschlag je 1.000 ft Platzhöhe | B20: 0.09 | C20: Faktor
A22: REICHWEITEN-PARAMETER
A23: Kraftstoff Rollen/Start | B23: 10 | C23: gal
A24: Kraftstoff Steigflug auf FL310 | B24: 50 | C24: gal
A25: Im Steigflug zurückgelegte Strecke | B25: 90 | C25: NM
A26: Reserve Sparflug (45 min + Anflug) | B26: 40 | C26: gal
A27: Reserve Schnellflug (NBAA-nah) | B27: 55 | C27: gal
A28: Sparflug (LRC): Geschwindigkeit | B28: 240 | C28: KTAS
A29: Sparflug (LRC): Verbrauch | B29: 40 | C29: gal/h
A30: Schnellflug FL310: Geschwindigkeit | B30: 311 | C30: KTAS
A31: Schnellflug FL310: Verbrauch | B31: 65 | C31: gal/h
A33: VARIANTEN – sortiert nach Startmasse aufsteigend
A34: Variante | B34: Pers. | C34: Gepäck (kg) | D34: Kraftstoff (kg) | E34: Kraftstoff (gal) | F34: Tankfüllung | G34: Startmasse (kg) | H34: ZFW (kg) | I34: MTOW ok? | J34: MZFW ok? | K34: Erf. Bahn MSL (m) | L34: Reichweite Sparflug (km) | M34: Reichweite Schnellflug (km)
A35: V1: 2 Personen, Tank wie V4 (64 %) | B35: 2 | C35: =B35*$B$18 -> 40 | D35: =ROUND(D38,0) -> 577 | E35: =ROUND(D35*$B$9/$B$8,0) -> 188 | F35: =D35/$B$8 -> 0.63616318 | G35: =H35+D35 -> 2367 | H35: =$B$6+B35*$B$17+C35 -> 1790 | I35: =IF(G35<=$B$5,"ja","NEIN") -> ja | J35: =IF(H35<=$B$7,"ja","NEIN") -> ja | K35: =ROUND($B$10*(G35/$B$5)^2*$B$19,0) -> 840 | L35: =ROUND((MAX(0,E35-$B$23-$B$24-$B$26)/$B$29*$B$28+$B$25)*1.852,0) -> 1145 | M35: =ROUND((MAX(0,E35-$B$23-$B$24-$B$27)/$B$31*$B$30+$B$25)*1.852,0) -> 814
A36: V2: 2 Personen, maximal getankt | B36: 2 | C36: =B36*$B$18 -> 40 | D36: =ROUND(MIN($B$8,$B$5-H36),0) -> 907 | E36: =ROUND(D36*$B$9/$B$8,0) -> 296 | F36: =D36/$B$8 -> 1 | G36: =H36+D36 -> 2697 | H36: =$B$6+B36*$B$17+C36 -> 1790 | I36: =IF(G36<=$B$5,"ja","NEIN") -> ja | J36: =IF(H36<=$B$7,"ja","NEIN") -> ja | K36: =ROUND($B$10*(G36/$B$5)^2*$B$19,0) -> 1091 | L36: =ROUND((MAX(0,E36-$B$23-$B$24-$B$26)/$B$29*$B$28+$B$25)*1.852,0) -> 2345 | M36: =ROUND((MAX(0,E36-$B$23-$B$24-$B$27)/$B$31*$B$30+$B$25)*1.852,0) -> 1771
A37: V3: 4 Personen, maximal getankt | B37: 4 | C37: =B37*$B$18 -> 80 | D37: =ROUND(MIN($B$8,$B$5-H37),0) -> 757 | E37: =ROUND(D37*$B$9/$B$8,0) -> 247 | F37: =D37/$B$8 -> 0.83461963 | G37: =H37+D37 -> 2727 | H37: =$B$6+B37*$B$17+C37 -> 1970 | I37: =IF(G37<=$B$5,"ja","NEIN") -> ja | J37: =IF(H37<=$B$7,"ja","NEIN") -> ja | K37: =ROUND($B$10*(G37/$B$5)^2*$B$19,0) -> 1115 | L37: =ROUND((MAX(0,E37-$B$23-$B$24-$B$26)/$B$29*$B$28+$B$25)*1.852,0) -> 1800 | M37: =ROUND((MAX(0,E37-$B$23-$B$24-$B$27)/$B$31*$B$30+$B$25)*1.852,0) -> 1336
A38: V4: 6 Personen, maximal getankt | B38: 6 | C38: =B38*$B$18 -> 120 | D38: =ROUND(MIN($B$8,$B$5-H38),0) -> 577 | E38: =ROUND(D38*$B$9/$B$8,0) -> 188 | F38: =D38/$B$8 -> 0.63616318 | G38: =H38+D38 -> 2727 | H38: =$B$6+B38*$B$17+C38 -> 2150 | I38: =IF(G38<=$B$5,"ja","NEIN") -> ja | J38: =IF(H38<=$B$7,"ja","NEIN") -> ja | K38: =ROUND($B$10*(G38/$B$5)^2*$B$19,0) -> 1115 | L38: =ROUND((MAX(0,E38-$B$23-$B$24-$B$26)/$B$29*$B$28+$B$25)*1.852,0) -> 1145 | M38: =ROUND((MAX(0,E38-$B$23-$B$24-$B$27)/$B$31*$B$30+$B$25)*1.852,0) -> 814
A40: Hinweise:
A41: • Spalten sind nach Startmasse aufsteigend sortiert; V2–V4 zugleich nach Reichweite absteigend.
A42: V1 ist die Kurzbahn-Variante: gleiche Tankmenge wie V4, dadurch geringste Startmasse und kürzeste erforderliche Bahn.
A43: • Startstrecke skaliert näherungsweise mit (Startmasse/MTOW)^2.
A44: • Erf. Bahn = Startstrecke über 15 m Hindernis x (W/MTOW)^2 x Sicherheitsfaktor, im Flugplatzblatt zusätzlich x Höhenzuschlag.
A45: • Der Vision Jet benötigt eine befestigte Bahn (Asphalt/Beton); Grasplätze sind nicht zulässig.
A46: • Leermasse 1.610 kg = Herstellerangabe Standardausstattung; real ausgerüstete Maschinen wiegen oft 30–70 kg mehr.
A47: • Reichweite ist eine Überschlagsrechnung, kalibriert auf die Herstellerangabe 1.275 NM. Maßgeblich ist stets das AFM.
A48: • "6 Personen" = 6 Insassen inkl. Pilot.
A49: • ACHTUNG: Die Bahnlängen sind physische Pistenlängen. Deklarierte Startstrecken (TORA/TODA/ASDA/LDA) können deutlich kürzer sein –
A50: Beispiel Speyer: 1.677 m gebaut, 1.400 m deklariert. Vor der Planung immer die AIP prüfen.
A51: • Flugplatzblatt: Schwelle 500 m Pistenlänge, gruppiert nach Land (51 europäische Länder/Territorien, Russland ausgenommen).
A52: • Reine Militärflugplätze ohne zivile Mitbenutzung sind ausgeschlossen (Namens-Heuristik, ggf. unvollständig).

Sheet Flugplätze Europa
A1: Flugplätze in Europa mit befestigter Bahn > 500 m – Eignung für den Cirrus Vision Jet G3
A2: "ja" = Bahnlänge reicht inkl. Sicherheits- und Höhenzuschlag · Bahnlänge = physische Piste, deklarierte Werte (TORA/LDA) laut AIP prüfen · Russland nicht enthalten · reine Militärplätze ausgeschlossen
A4: Flugplatz | B4: Kennung (ICAO) | C4: Bahnlänge (m) | D4: Platzhöhe (ft) | E4: Belag | F4: ="V1: 2 Pers. + 40 kg Gepäck, Tank 64 %"&CHAR(10)&"MTOM "&TEXT(Annahmen!$G$35,"0")&" kg · Tank "&TEXT(Annahmen!$D$35,"0")&" kg ("&TEXT(Annahmen!$F$35,"0%")&")"&CHAR(10)&"Reichweite "&TEXT(Annahmen!$L$35,"0")&" / "&TEXT(Annahmen!$M$35,"0")&" km" -> V1: 2 Pers. + 40 kg Gepäck, Tank 64 % MTOM 2367 kg · Tank 577 kg (64%) Reichweite 1145 / 814 km | G4: ="V2: 2 Pers. + 40 kg Gepäck, voller Tank"&CHAR(10)&"MTOM "&TEXT(Annahmen!$G$36,"0")&" kg · Tank "&TEXT(Annahmen!$D$36,"0")&" kg ("&TEXT(Annahmen!$F$36,"0%")&")"&CHAR(10)&"Reichweite "&TEXT(Annahmen!$L$36,"0")&" / "&TEXT(Annahmen!$M$36,"0")&" km" -> V2: 2 Pers. + 40 kg Gepäck, voller Tank MTOM 2697 kg · Tank 907 kg (100%) Reichweite 2345 / 1771 km | H4: ="V3: 4 Pers. + 80 kg Gepäck, max. Tank"&CHAR(10)&"MTOM "&TEXT(Annahmen!$G$37,"0")&" kg · Tank "&TEXT(Annahmen!$D$37,"0")&" kg ("&TEXT(Annahmen!$F$37,"0%")&")"&CHAR(10)&"Reichweite "&TEXT(Annahmen!$L$37,"0")&" / "&TEXT(Annahmen!$M$37,"0")&" km" -> V3: 4 Pers. + 80 kg Gepäck, max. Tank MTOM 2727 kg · Tank 757 kg (83%) Reichweite 1800 / 1336 km | I4: ="V4: 6 Pers. + 120 kg Gepäck, max. Tank"&CHAR(10)&"MTOM "&TEXT(Annahmen!$G$38,"0")&" kg · Tank "&TEXT(Annahmen!$D$38,"0")&" kg ("&TEXT(Annahmen!$F$38,"0%")&")"&CHAR(10)&"Reichweite "&TEXT(Annahmen!$L$38,"0")&" / "&TEXT(Annahmen!$M$38,"0")&" km" -> V4: 6 Pers. + 120 kg Gepäck, max. Tank MTOM 2727 kg · Tank 577 kg (64%) Reichweite 1145 / 814 km | J4: Erf. Bahn V1 (m) | K4: Erf. Bahn V2 (m) | L4: Erf. Bahn V3 (m) | M4: Erf. Bahn V4 (m) | N4: Kategorie / Bemerkung
A5: Albanien (2 Flugplätze)
A6: Tirana International Airport Mother Teresa | B6: LATI | C6: 3000 | D6: 126 | E6: Asphalt/Beton | F6: =IF(C6>=J6,"ja","nein") -> ja | G6: =IF(C6>=K6,"ja","nein") -> ja | H6: =IF(C6>=L6,"ja","nein") -> ja | I6: =IF(C6>=M6,"ja","nein") -> ja | J6: =ROUND(Annahmen!$K$35*(1+Annahmen!$B$20*D6/1000),0) -> 850 | K6: =ROUND(Annahmen!$K$36*(1+Annahmen!$B$20*D6/1000),0) -> 1103 | L6: =ROUND(Annahmen!$K$37*(1+Annahmen!$B$20*D6/1000),0) -> 1128 | M6: =ROUND(Annahmen!$K$38*(1+Annahmen!$B$20*D6/1000),0) -> 1128 | N6: Verkehrsflughafen
A7: Kukës International Airport | B7: LAKU | C7: 2198 | D7: 1120 | E7: Asphalt/Beton | F7: =IF(C7>=J7,"ja","nein") -> ja | G7: =IF(C7>=K7,"ja","nein") -> ja | H7: =IF(C7>=L7,"ja","nein") -> ja | I7: =IF(C7>=M7,"ja","nein") -> ja | J7: =ROUND(Annahmen!$K$35*(1+Annahmen!$B$20*D7/1000),0) -> 925 | K7: =ROUND(Annahmen!$K$36*(1+Annahmen!$B$20*D7/1000),0) -> 1201 | L7: =ROUND(Annahmen!$K$37*(1+Annahmen!$B$20*D7/1000),0) -> 1227 | M7: =ROUND(Annahmen!$K$38*(1+Annahmen!$B$20*D7/1000),0) -> 1227 | N7: Verkehrslandeplatz
A8: Belarus (7 Flugplätze)
A9: Minsk National Airport | B9: UMMS | C9: 3700 | D9: 670 | E9: Asphalt/Beton | F9: =IF(C9>=J9,"ja","nein") -> ja | G9: =IF(C9>=K9,"ja","nein") -> ja | H9: =IF(C9>=L9,"ja","nein") -> ja | I9: =IF(C9>=M9,"ja","nein") -> ja | J9: =ROUND(Annahmen!$K$35*(1+Annahmen!$B$20*D9/1000),0) -> 891 | K9: =ROUND(Annahmen!$K$36*(1+Annahmen!$B$20*D9/1000),0) -> 1157 | L9: =ROUND(Annahmen!$K$37*(1+Annahmen!$B$20*D9/1000),0) -> 1182 | M9: =ROUND(Annahmen!$K$38*(1+Annahmen!$B$20*D9/1000),0) -> 1182 | N9: Verkehrsflughafen
A10: Brest International Airport | B10: UMBB | C10: 2620 | D10: 468 | E10: Asphalt/Beton | F10: =IF(C10>=J10,"ja","nein") -> ja | G10: =IF(C10>=K10,"ja","nein") -> ja | H10: =IF(C10>=L10,"ja","nein") -> ja | I10: =IF(C10>=M10,"ja","nein") -> ja | J10: =ROUND(Annahmen!$K$35*(1+Annahmen!$B$20*D10/1000),0) -> 875 | K10: =ROUND(Annahmen!$K$36*(1+Annahmen!$B$20*D10/1000),0) -> 1137 | L10: =ROUND(Annahmen!$K$37*(1+Annahmen!$B$20*D10/1000),0) -> 1162 | M10: =ROUND(Annahmen!$K$38*(1+Annahmen!$B$20*D10/1000),0) -> 1162 | N10: Verkehrsflughafen
A11: Vitebsk Vostochny Airport | B11: UMII | C11: 2606 | D11: 682 | E11: Asphalt/Beton | F11: =IF(C11>=J11,"ja","nein") -> ja | G11: =IF(C11>=K11,"ja","nein") -> ja | H11: =IF(C11>=L11,"ja","nein") -> ja | I11: =IF(C11>=M11,"ja","nein") -> ja | J11: =ROUND(Annahmen!$K$35*(1+Annahmen!$B$20*D11/1000),0) -> 892 | K11: =ROUND(Annahmen!$K$36*(1+Annahmen!$B$20*D11/1000),0) -> 1158 | L11: =ROUND(Annahmen!$K$37*(1+Annahmen!$B$20*D11/1000),0) -> 1183 | M11: =ROUND(Annahmen!$K$38*(1+Annahmen!$B$20*D11/1000),0) -> 1183 | N11: Verkehrslandeplatz
A12: Gomel Airport | B12: UMGG | C12: 2569 | D12: 472 | E12: Asphalt/Beton | F12: =IF(C12>=J12,"ja","nein") -> ja | G12: =IF(C12>=K12,"ja","nein") -> ja | H12: =IF(C12>=L12,"ja","nein") -> ja | I12: =IF(C12>=M12,"ja","nein") -> ja | J12: =ROUND(Annahmen!$K$35*(1+Annahmen!$B$20*D12/1000),0) -> 876 | K12: =ROUND(Annahmen!$K$36*(1+Annahmen!$B$20*D12/1000),0) -> 1137 | L12: =ROUND(Annahmen!$K$37*(1+Annahmen!$B$20*D12/1000),0) -> 1162 | M12: =ROUND(Annahmen!$K$38*(1+Annahmen!$B$20*D12/1000),0) -> 1162 | N12: Verkehrslandeplatz
A13: Mogilev Airport | B13: UMOO | C13: 2567 | D13: 637 | E13: Asphalt/Beton | F13: =IF(C13>=J13,"ja","nein") -> ja | G13: =IF(C13>=K13,"ja","nein") -> ja | H13: =IF(C13>=L13,"ja","nein") -> ja | I13: =IF(C13>=M13,"ja","nein") -> ja | J13: =ROUND(Annahmen!$K$35*(1+Annahmen!$B$20*D13/1000),0) -> 888 | K13: =ROUND(Annahmen!$K$36*(1+Annahmen!$B$20*D13/1000),0) -> 1154 | L13: =ROUND(Annahmen!$K$37*(1+Annahmen!$B$20*D13/1000),0) -> 1179 | M13: =ROUND(Annahmen!$K$38*(1+Annahmen!$B$20*D13/1000),0) -> 1179 | N13: Verkehrslandeplatz
A14: Hrodna Airport | B14: UMMG | C14: 2560 | D14: 443 | E14: Asphalt/Beton | F14: =IF(C14>=J14,"ja","nein") -> ja | G14: =IF(C14>=K14,"ja","nein") -> ja | H14: =IF(C14>=L14,"ja","nein") -> ja | I14: =IF(C14>=M14,"ja","nein") -> ja | J14: =ROUND(Annahmen!$K$35*(1+Annahmen!$B$20*D14/1000),0) -> 873 | K14: =ROUND(Annahmen!$K$36*(1+Annahmen!$B$20*D14/1000),0) -> 1134 | L14: =ROUND(Annahmen!$K$37*(1+Annahmen!$B$20*D14/1000),0) -> 1159 | M14: =ROUND(Annahmen!$K$38*(1+Annahmen!$B$20*D14/1000),0) -> 1159 | N14: Verkehrslandeplatz
A15: Dzerzhinsky Highway Strip | B15: BY-0022 | C15: 2360 | D15: 690 | E15: Asphalt/Beton | F15: =IF(C15>=J15,"ja","nein") -> ja | G15: =IF(C15>=K15,"ja","nein") -> ja | H15: =IF(C15>=L15,"ja","nein") -> ja | I15: =IF(C15>=M15,"ja","nein") -> ja | J15: =ROUND(Annahmen!$K$35*(1+Annahmen!$B$20*D15/1000),0) -> 892 | K15: =ROUND(Annahmen!$K$36*(1+Annahmen!$B$20*D15/1000),0) -> 1159 | L15: =ROUND(Annahmen!$K$37*(1+Annahmen!$B$20*D15/1000),0) -> 1184 | M15: =ROUND(Annahmen!$K$38*(1+Annahmen!$B$20*D15/1000),0) -> 1184 | N15: Landeplatz
A16: Belgien (15 Flugplätze)
A17: Liège Airport | B17: EBLG | C17: 3690 | D17: 659 | E17: Asphalt/Beton | F17: =IF(C17>=J17,"ja","nein") -> ja | G17: =IF(C17>=K17,"ja","nein") -> ja | H17: =IF(C17>=L17,"ja","nein") -> ja | I17: =IF(C17>=M17,"ja","nein") -> ja | J17: =ROUND(Annahmen!$K$35*(1+Annahmen!$B$20*D17/1000),0) -> 890 | K17: =ROUND(Annahmen!$K$36*(1+Annahmen!$B$20*D17/1000),0) -> 1156 | L17: =ROUND(Annahmen!$K$37*(1+Annahmen!$B$20*D17/1000),0) -> 1181 | M17: =ROUND(Annahmen!$K$38*(1+Annahmen!$B$20*D17/1000),0) -> 1181 | N17: Verkehrslandeplatz
A18: Brussels Airport | B18: EBBR | C18: 3638 | D18: 175 | E18: Asphalt/Beton | F18: =IF(C18>=J18,"ja","nein") -> ja | G18: =IF(C18>=K18,"ja","nein") -> ja | H18: =IF(C18>=L18,"ja","nein") -> ja | I18: =IF(C18>=M18,"ja","nein") -> ja | J18: =ROUND(Annahmen!$K$35*(1+Annahmen!$B$20*D18/1000),0) -> 853 | K18: =ROUND(Annahmen!$K$36*(1+Annahmen!$B$20*D18/1000),0) -> 1108 | L18: =ROUND(Annahmen!$K$37*(1+Annahmen!$B$20*D18/1000),0) -> 1133 | M18: =ROUND(Annahmen!$K$38*(1+Annahmen!$B$20*D18/1000),0) -> 1133 | N18: Verkehrsflughafen
A19: Ostend-Bruges International Airport | B19: EBOS | C19: 3200 | D19: 13 | E19: Asphalt/Beton | F19: =IF(C19>=J19,"ja","nein") -> ja | G19: =IF(C19>=K19,"ja","nein") -> ja | H19: =IF(C19>=L19,"ja","nein") -> ja | I19: =IF(C19>=M19,"ja","nein") -> ja | J19: =ROUND(Annahmen!$K$35*(1+Annahmen!$B$20*D19/1000),0) -> 841 | K19: =ROUND(Annahmen!$K$36*(1+Annahmen!$B$20*D19/1000),0) -> 1092 | L19: =ROUND(Annahmen!$K$37*(1+Annahmen!$B$20*D19/1000),0) -> 1116 | M19: =ROUND(Annahmen!$K$38*(1+Annahmen!$B$20*D19/1000),0) -> 1116 | N19: Verkehrsflughafen
A20: Brussels South Charleroi Airport | B20: EBCI | C20: 3055 | D20: 614 | E20: Asphalt/Beton | F20: =IF(C20>=J20,"ja","nein") -> ja | G20: =IF(C20>=K20,"ja","nein") -> ja | H20: =IF(C20>=L20,"ja","nein") -> ja | I20: =IF(C20>=M20,"ja","nein") -> ja | J20: =ROUND(Annahmen!$K$35*(1+Annahmen!$B$20*D20/1000),0) -> 886 | K20: =ROUND(Annahmen!$K$36*(1+Annahmen!$B$20*D20/1000),0) -> 1151 | L20: =ROUND(Annahmen!$K$37*(1+Annahmen!$B$20*D20/1000),0) -> 1177 | M20: =ROUND(Annahmen!$K$38*(1+Annahmen!$B$20*D20/1000),0) -> 1177 | N20: Verkehrsflughafen
A21: Kortrijk-Wevelgem International Airport | B21: EBKT | C21: 1900 | D21: 55 | E21: Asphalt/Beton | F21: =IF(C21>=J21,"ja","nein") -> ja | G21: =IF(C21>=K21,"ja","nein") -> ja | H21: =IF(C21>=L21,"ja","nein") -> ja | I21: =IF(C21>=M21,"ja","nein") -> ja | J21: =ROUND(Annahmen!$K$35*(1+Annahmen!$B$20*D21/1000),0) -> 844 | K21: =ROUND(Annahmen!$K$36*(1+Annahmen!$B$20*D21/1000),0) -> 1096 | L21: =ROUND(Annahmen!$K$37*(1+Annahmen!$B$20*D21/1000),0) -> 1121 | M21: =ROUND(Annahmen!$K$38*(1+Annahmen!$B$20*D21/1000),0) -> 1121 | N21: Verkehrslandeplatz
A22: Antwerp International Airport (Deurne) | B22: EBAW | C22: 1510 | D22: 39 | E22: Asphalt/Beton | F22: =IF(C22>=J22,"ja","nein") -> ja | G22: =IF(C22>=K22,"ja","nein") -> ja | H22: =IF(C22>=L22,"ja","nein") -> ja | I22: =IF(C22>=M22,"ja","nein") -> ja | J22: =ROUND(Annahmen!$K$35*(1+Annahmen!$B$20*D22/1000),0) -> 843 | K22: =ROUND(Annahmen!$K$36*(1+Annahmen!$B$20*D22/1000),0) -> 1095 | L22: =ROUND(Annahmen!$K$37*(1+Annahmen!$B$20*D22/1000),0) -> 1119 | M22: =ROUND(Annahmen!$K$38*(1+Annahmen!$B$20*D22/1000),0) -> 1119 | N22: Verkehrslandeplatz
A23: Sint-Truiden / Brustem Airfield | B23: EBST | C23: 1096 | D23: 246 | E23: Asphalt/Beton | F23: =IF(C23>=J23,"ja","nein") -> ja | G23: =IF(C23>=K23,"ja","nein") -> nein | H23: =IF(C23>=L23,"ja","nein") -> nein | I23: =IF(C23>=M23,"ja","nein") -> nein | J23: =ROUND(Annahmen!$K$35*(1+Annahmen!$B$20*D23/1000),0) -> 859 | K23: =ROUND(Annahmen!$K$36*(1+Annahmen!$B$20*D23/1000),0) -> 1115 | L23: =ROUND(Annahmen!$K$37*(1+Annahmen!$B$20*D23/1000),0) -> 1140 | M23: =ROUND(Annahmen!$K$38*(1+Annahmen!$B$20*D23/1000),0) -> 1140 | N23: Landeplatz
A24: Brasschaat Airfield | B24: EBBT | C24: 799 | D24: 76 | E24: Asphalt/Beton | F24: =IF(C24>=J24,"ja","nein") -> nein | G24: =IF(C24>=K24,"ja","nein") -> nein | H24: =IF(C24>=L24,"ja","nein") -> nein | I24: =IF(C24>=M24,"ja","nein") -> nein | J24: =ROUND(Annahmen!$K$35*(1+Annahmen!$B$20*D24/1000),0) -> 846 | K24: =ROUND(Annahmen!$K$36*(1+Annahmen!$B$20*D24/1000),0) -> 1098 | L24: =ROUND(Annahmen!$K$37*(1+Annahmen!$B$20*D24/1000),0) -> 1123 | M24: =ROUND(Annahmen!$K$38*(1+Annahmen!$B$20*D24/1000),0) -> 1123 | N24: Landeplatz
A25: Spa-La Sauvenière Airfield | B25: EBSP | C25: 799 | D25: 1581 | E25: Asphalt/Beton | F25: =IF(C25>=J25,"ja","nein") -> nein | G25: =IF(C25>=K25,"ja","nein") -> nein | H25: =IF(C25>=L25,"ja","nein") -> nein | I25: =IF(C25>=M25,"ja","nein") -> nein | J25: =ROUND(Annahmen!$K$35*(1+Annahmen!$B$20*D25/1000),0) -> 960 | K25: =ROUND(Annahmen!$K$36*(1+Annahmen!$B$20*D25/1000),0) -> 1246 | L25: =ROUND(Annahmen!$K$37*(1+Annahmen!$B$20*D25/1000),0) -> 1274 | M25: =ROUND(Annahmen!$K$38*(1+Annahmen!$B$20*D25/1000),0) -> 1274 | N25: Landeplatz
A26: Oostmalle Airfield | B26: EBZR | C26: 799 | D26: 53 | E26: Asphalt/Beton | F26: =IF(C26>=J26,"ja","nein") -> nein | G26: =IF(C26>=K26,"ja","nein") -> nein | H26: =IF(C26>=L26,"ja","nein") -> nein | I26: =IF(C26>=M26,"ja","nein") -> nein | J26: =ROUND(Annahmen!$K$35*(1+Annahmen!$B$20*D26/1000),0) -> 844 | K26: =ROUND(Annahmen!$K$36*(1+Annahmen!$B$20*D26/1000),0) -> 1096 | L26: =ROUND(Annahmen!$K$37*(1+Annahmen!$B$20*D26/1000),0) -> 1120 | M26: =ROUND(Annahmen!$K$38*(1+Annahmen!$B$20*D26/1000),0) -> 1120 | N26: Landeplatz
A27: Genk Zwartberg Airfield | B27: EBZW | C27: 799 | D27: 278 | E27: Asphalt/Beton | F27: =IF(C27>=J27,"ja","nein") -> nein | G27: =IF(C27>=K27,"ja","nein") -> nein | H27: =IF(C27>=L27,"ja","nein") -> nein | I27: =IF(C27>=M27,"ja","nein") -> nein | J27: =ROUND(Annahmen!$K$35*(1+Annahmen!$B$20*D27/1000),0) -> 861 | K27: =ROUND(Annahmen!$K$36*(1+Annahmen!$B$20*D27/1000),0) -> 1118 | L27: =ROUND(Annahmen!$K$37*(1+Annahmen!$B$20*D27/1000),0) -> 1143 | M27: =ROUND(Annahmen!$K$38*(1+Annahmen!$B$20*D27/1000),0) -> 1143 | N27: Landeplatz
A28: Goetsenhoven Airfield | B28: EBTN | C28: 780 | D28: 246 | E28: Asphalt/Beton | F28: =IF(C28>=J28,"ja","nein") -> nein | G28: =IF(C28>=K28,"ja","nein") -> nein | H28: =IF(C28>=L28,"ja","nein") -> nein | I28: =IF(C28>=M28,"ja","nein") -> nein | J28: =ROUND(Annahmen!$K$35*(1+Annahmen!$B$20*D28/1000),0) -> 859 | K28: =ROUND(Annahmen!$K$36*(1+Annahmen!$B$20*D28/1000),0) -> 1115 | L28: =ROUND(Annahmen!$K$37*(1+Annahmen!$B$20*D28/1000),0) -> 1140 | M28: =ROUND(Annahmen!$K$38*(1+Annahmen!$B$20*D28/1000),0) -> 1140 | N28: Landeplatz
... A31: Leopoldsburg Airfield | B31: EBLE | C31: 600 | D31: 207 | E31: Asphalt/Beton | F31: =IF(C31>=J31,"ja","nein") -> nein | G31: =IF(C31>=K31,"ja","nein") -> nein | H31: =IF(C31>=L31,"ja","nein") -> nein | I31: =IF(C31>=M31,"ja","nein") -> nein | J31: =ROUND(Annahmen!$K$35*(1+Annahmen!$B$20*D31/1000),0) -> 856 | K31: =ROUND(Annahmen!$K$36*(1+Annahmen!$B$20*D31/1000),0) -> 1111 | L31: =ROUND(Annahmen!$K$37*(1+Annahmen!$B$20*D31/1000),0) -> 1136 | M31: =ROUND(Annahmen!$K$38*(1+Annahmen!$B$20*D31/1000),0) -> 1136 | N31: Landeplatz
A32: Bosnien und Herzegowina (5 Flugplätze)
A33: Sarajevo International Airport | B33: LQSA | C33: 2641 | D33: 1708 | E33: Asphalt/Beton | F33: =IF(C33>=J33,"ja","nein") -> ja | G33: =IF(C33>=K33,"ja","nein") -> ja | H33: =IF(C33>=L33,"ja","nein") -> ja | I33: =IF(C33>=M33,"ja","nein") -> ja | J33: =ROUND(Annahmen!$K$35*(1+Annahmen!$B$20*D33/1000),0) -> 969 | K33: =ROUND(Annahmen!$K$36*(1+Annahmen!$B$20*D33/1000),0) -> 1259 | L33: =ROUND(Annahmen!$K$37*(1+Annahmen!$B$20*D33/1000),0) -> 1286 | M33: =ROUND(Annahmen!$K$38*(1+Annahmen!$B$20*D33/1000),0) -> 1286 | N33: Verkehrsflughafen
A34: Banja Luka International Airport | B34: LQBK | C34: 2500 | D34: 400 | E34: Asphalt/Beton | F34: =IF(C34>=J34,"ja","nein") -> ja | G34: =IF(C34>=K34,"ja","nein") -> ja | H34: =IF(C34>=L34,"ja","nein") -> ja | I34: =IF(C34>=M34,"ja","nein") -> ja | J34: =ROUND(Annahmen!$K$35*(1+Annahmen!$B$20*D34/1000),0) -> 870 | K34: =ROUND(Annahmen!$K$36*(1+Annahmen!$B$20*D34/1000),0) -> 1130 | L34: =ROUND(Annahmen!$K$37*(1+Annahmen!$B$20*D34/1000),0) -> 1155 | M34: =ROUND(Annahmen!$K$38*(1+Annahmen!$B$20*D34/1000),0) -> 1155 | N34: Verkehrsflughafen
A35: Tuzla International Airport | B35: LQTZ | C35: 2485 | D35: 784 | E35: Asphalt/Beton | F35: =IF(C35>=J35,"ja","nein") -> ja | G35: =IF(C35>=K35,"ja","nein") -> ja | H35: =IF(C35>=L35,"ja","nein") -> ja | I35: =IF(C35>=M35,"ja","nein") -> ja | J35: =ROUND(Annahmen!$K$35*(1+Annahmen!$B$20*D35/1000),0) -> 899 | K35: =ROUND(Annahmen!$K$36*(1+Annahmen!$B$20*D35/1000),0) -> 1168 | L35: =ROUND(Annahmen!$K$37*(1+Annahmen!$B$20*D35/1000),0) -> 1194 | M35: =ROUND(Annahmen!$K$38*(1+Annahmen!$B$20*D35/1000),0) -> 1194 | N35: Verkehrsflughafen
A36: Mostar International Airport | B36: LQMO | C36: 2400 | D36: 156 | E36: Asphalt/Beton | F36: =IF(C36>=J36,"ja","nein") -> ja | G36: =IF(C36>=K36,"ja","nein") -> ja | H36: =IF(C36>=L36,"ja","nein") -> ja | I36: =IF(C36>=M36,"ja","nein") -> ja | J36: =ROUND(Annahmen!$K$35*(1+Annahmen!$B$20*D36/1000),0) -> 852 | K36: =ROUND(Annahmen!$K$36*(1+Annahmen!$B$20*D36/1000),0) -> 1106 | L36: =ROUND(Annahmen!$K$37*(1+Annahmen!$B$20*D36/1000),0) -> 1131 | M36: =ROUND(Annahmen!$K$38*(1+Annahmen!$B$20*D36/1000),0) -> 1131 | N36: Verkehrsflughafen
A37: Brčko-Brod Airfield | B37: BA-0003 | C37: 582 | D37: 337 | E37: Asphalt/Beton | F37: =IF(C37>=J37,"ja","nein") -> nein | G37: =IF(C37>=K37,"ja","nein") -> nein | H37: =IF(C37>=L37,"ja","nein") -> nein | I37: =IF(C37>=M37,"ja","nein") -> nein | J37: =ROUND(Annahmen!$K$35*(1+Annahmen!$B$20*D37/1000),0) -> 865 | K37: =ROUND(Annahmen!$K$36*(1+Annahmen!$B$20*D37/1000),0) -> 1124 | L37: =ROUND(Annahmen!$K$37*(1+Annahmen!$B$20*D37/1000),0) -> 1149 | M37: =ROUND(Annahmen!$K$38*(1+Annahmen!$B$20*D37/1000),0) -> 1149 | N37: Landeplatz
A38: Bulgarien (14 Flugplätze)
A39: Sofia Airport | B39: LBSF | C39: 3600 | D39: 1742 | E39: Asphalt/Beton | F39: =IF(C39>=J39,"ja","nein") -> ja | G39: =IF(C39>=K39,"ja","nein") -> ja | H39: =IF(C39>=L39,"ja","nein") -> ja | I39: =IF(C39>=M39,"ja","nein") -> ja | J39: =ROUND(Annahmen!$K$35*(1+Annahmen!$B$20*D39/1000),0) -> 972 | K39: =ROUND(Annahmen!$K$36*(1+Annahmen!$B$20*D39/1000),0) -> 1262 | L39: =ROUND(Annahmen!$K$37*(1+Annahmen!$B$20*D39/1000),0) -> 1290 | M39: =ROUND(Annahmen!$K$38*(1+Annahmen!$B$20*D39/1000),0) -> 1290 | N39: Verkehrsflughafen
A40: Burgas Airport | B40: LBBG | C40: 3200 | D40: 135 | E40: Asphalt/Beton | F40: =IF(C40>=J40,"ja","nein") -> ja | G40: =IF(C40>=K40,"ja","nein") -> ja | H40: =IF(C40>=L40,"ja","nein") -> ja | I40: =IF(C40>=M40,"ja","nein") -> ja | J40: =ROUND(Annahmen!$K$35*(1+Annahmen!$B$20*D40/1000),0) -> 850 | K40: =ROUND(Annahmen!$K$36*(1+Annahmen!$B$20*D40/1000),0) -> 1104 | L40: =ROUND(Annahmen!$K$37*(1+Annahmen!$B$20*D40/1000),0) -> 1129 | M40: =ROUND(Annahmen!$K$38*(1+Annahmen!$B$20*D40/1000),0) -> 1129 | N40: Verkehrsflughafen
A41: Sapareva Banya Airport | B41: BG-0170 | C41: 2554 | D41: 2218 | E41: Asphalt/Beton | F41: =IF(C41>=J41,"ja","nein") -> ja | G41: =IF(C41>=K41,"ja","nein") -> ja | H41: =IF(C41>=L41,"ja","nein") -> ja | I41: =IF(C41>=M41,"ja","nein") -> ja | J41: =ROUND(Annahmen!$K$35*(1+Annahmen!$B$20*D41/1000),0) -> 1008 | K41: =ROUND(Annahmen!$K$36*(1+Annahmen!$B$20*D41/1000),0) -> 1309 | L41: =ROUND(Annahmen!$K$37*(1+Annahmen!$B$20*D41/1000),0) -> 1338 | M41: =ROUND(Annahmen!$K$38*(1+Annahmen!$B$20*D41/1000),0) -> 1338 | N41: Landeplatz
A42: Varna Airport | B42: LBWN | C42: 2517 | D42: 230 | E42: Asphalt/Beton | F42: =IF(C42>=J42,"ja","nein") -> ja | G42: =IF(C42>=K42,"ja","nein") -> ja | H42: =IF(C42>=L42,"ja","nein") -> ja | I42: =IF(C42>=M42,"ja","nein") -> ja | J42: =ROUND(Annahmen!$K$35*(1+Annahmen!$B$20*D42/1000),0) -> 857 | K42: =ROUND(Annahmen!$K$36*(1+Annahmen!$B$20*D42/1000),0) -> 1114 | L42: =ROUND(Annahmen!$K$37*(1+Annahmen!$B$20*D42/1000),0) -> 1138 | M42: =ROUND(Annahmen!$K$38*(1+Annahmen!$B$20*D42/1000),0) -> 1138 | N42: Verkehrsflughafen
A43: Ruse Airport | B43: LBRS | C43: 2502 | D43: 614 | E43: Asphalt/Beton | F43: =IF(C43>=J43,"ja","nein") -> ja | G43: =IF(C43>=K43,"ja","nein") -> ja | H43: =IF(C43>=L43,"ja","nein") -> ja | I43: =IF(C43>=M43,"ja","nein") -> ja | J43: =ROUND(Annahmen!$K$35*(1+Annahmen!$B$20*D43/1000),0) -> 886 | K43: =ROUND(Annahmen!$K$36*(1+Annahmen!$B$20*D43/1000),0) -> 1151 | L43: =ROUND(Annahmen!$K$37*(1+Annahmen!$B$20*D43/1000),0) -> 1177 | M43: =ROUND(Annahmen!$K$38*(1+Annahmen!$B$20*D43/1000),0) -> 1177 | N43: Landeplatz
A44: Plovdiv International Airport | B44: LBPD | C44: 2500 | D44: 597 | E44: Asphalt/Beton | F44: =IF(C44>=J44,"ja","nein") -> ja | G44: =IF(C44>=K44,"ja","nein") -> ja | H44: =IF(C44>=L44,"ja","nein") -> ja | I44: =IF(C44>=M44,"ja","nein") -> ja | J44: =ROUND(Annahmen!$K$35*(1+Annahmen!$B$20*D44/1000),0) -> 885 | K44: =ROUND(Annahmen!$K$36*(1+Annahmen!$B$20*D44/1000),0) -> 1150 | L44: =ROUND(Annahmen!$K$37*(1+Annahmen!$B$20*D44/1000),0) -> 1175 | M44: =ROUND(Annahmen!$K$38*(1+Annahmen!$B$20*D44/1000),0) -> 1175 | N44: Verkehrsflughafen
A45: Tenevo Airstrip | B45: LB18 | C45: 2499 | D45: 390 | E45: Asphalt/Beton | F45: =IF(C45>=J45,"ja","nein") -> ja | G45: =IF(C45>=K45,"ja","nein") -> ja | H45: =IF(C45>=L45,"ja","nein") -> ja | I45: =IF(C45>=M45,"ja","nein") -> ja | J45: =ROUND(Annahmen!$K$35*(1+Annahmen!$B$20*D45/1000),0) -> 869 | K45: =ROUND(Annahmen!$K$36*(1+Annahmen!$B$20*D45/1000),0) -> 1129 | L45: =ROUND(Annahmen!$K$37*(1+Annahmen!$B$20*D45/1000),0) -> 1154 | M45: =ROUND(Annahmen!$K$38*(1+Annahmen!$B$20*D45/1000),0) -> 1154 | N45: Landeplatz
A46: Stara Zagora Airport | B46: LBSZ | C46: 2499 | D46: 558 | E46: Asphalt/Beton | F46: =IF(C46>=J46,"ja","nein") -> ja | G46: =IF(C46>=K46,"ja","nein") -> ja | H46: =IF(C46>=L46,"ja","nein") -> ja | I46: =IF(C46>=M46,"ja","nein") -> ja | J46: =ROUND(Annahmen!$K$35*(1+Annahmen!$B$20*D46/1000),0) -> 882 | K46: =ROUND(Annahmen!$K$36*(1+Annahmen!$B$20*D46/1000),0) -> 1146 | L46: =ROUND(Annahmen!$K$37*(1+Annahmen!$B$20*D46/1000),0) -> 1171 | M46: =ROUND(Annahmen!$K$38*(1+Annahmen!$B$20*D46/1000),0) -> 1171 | N46: Landeplatz
A47: Sofia West Airfield | B47: LB13 | C47: 2495 | D47: 2097 | E47: Asphalt/Beton | F47: =IF(C47>=J47,"ja","nein") -> ja | G47: =IF(C47>=K47,"ja","nein") -> ja | H47: =IF(C47>=L47,"ja","nein") -> ja | I47: =IF(C47>=M47,"ja","nein") -> ja | J47: =ROUND(Annahmen!$K$35*(1+Annahmen!$B$20*D47/1000),0) -> 999 | K47: =ROUND(Annahmen!$K$36*(1+Annahmen!$B$20*D47/1000),0) -> 1297 | L47: =ROUND(Annahmen!$K$37*(1+Annahmen!$B$20*D47/1000),0) -> 1325 | M47: =ROUND(Annahmen!$K$38*(1+Annahmen!$B$20*D47/1000),0) -> 1325 | N47: Landeplatz
A48: Sliven Barshen Airfield | B48: LBSL | C48: 2486 | D48: 656 | E48: Asphalt/Beton | F48: =IF(C48>=J48,"ja","nein") -> ja | G48: =IF(C48>=K48,"ja","nein") -> ja | H48: =IF(C48>=L48,"ja","nein") -> ja | I48: =IF(C48>=M48,"ja","nein") -> ja | J48: =ROUND(Annahmen!$K$35*(1+Annahmen!$B$20*D48/1000),0) -> 890 | K48: =ROUND(Annahmen!$K$36*(1+Annahmen!$B$20*D48/1000),0) -> 1155 | L48: =ROUND(Annahmen!$K$37*(1+Annahmen!$B$20*D48/1000),0) -> 1181 | M48: =ROUND(Annahmen!$K$38*(1+Annahmen!$B$20*D48/1000),0) -> 1181 | N48: Landeplatz
A49: Balchik Airfield | B49: LBWB | C49: 2467 | D49: 660 | E49: Asphalt/Beton | F49: =IF(C49>=J49,"ja","nein") -> ja | G49: =IF(C49>=K49,"ja","nein") -> ja | H49: =IF(C49>=L49,"ja","nein") -> ja | I49: =IF(C49>=M49,"ja","nein") -> ja | J49: =ROUND(Annahmen!$K$35*(1+Annahmen!$B$20*D49/1000),0) -> 890 | K49: =ROUND(Annahmen!$K$36*(1+Annahmen!$B$20*D49/1000),0) -> 1156 | L49: =ROUND(Annahmen!$K$37*(1+Annahmen!$B$20*D49/1000),0) -> 1181 | M49: =ROUND(Annahmen!$K$38*(1+Annahmen!$B$20*D49/1000),0) -> 1181 | N49: Verkehrslandeplatz
A50: Gorna Oryahovitsa Airport | B50: LBGO | C50: 2450 | D50: 285 | E50: Asphalt/Beton | F50: =IF(C50>=J50,"ja","nein") -> ja | G50: =IF(C50>=K50,"ja","nein") -> ja | H50: =IF(C50>=L50,"ja","nein") -> ja | I50: =IF(C50>=M50,"ja","nein") -> ja | J50: =ROUND(Annahmen!$K$35*(1+Annahmen!$B$20*D50/1000),0) -> 862 | K50: =ROUND(Annahmen!$K$36*(1+Annahmen!$B$20*D50/1000),0) -> 1119 | L50: =ROUND(Annahmen!$K$37*(1+Annahmen!$B$20*D50/1000),0) -> 1144 | M50: =ROUND(Annahmen!$K$38*(1+Annahmen!$B$20*D50/1000),0) -> 1144 | N50: Verkehrslandeplatz
... A52: Ihtiman Airfield | B52: LBHT | C52: 600 | D52: 2113 | E52: Asphalt/Beton | F52: =IF(C52>=J52,"ja","nein") -> nein | G52: =IF(C52>=K52,"ja","nein") -> nein | H52: =IF(C52>=L52,"ja","nein") -> nein | I52: =IF(C52>=M52,"ja","nein") -> nein | J52: =ROUND(Annahmen!$K$35*(1+Annahmen!$B$20*D52/1000),0) -> 1000 | K52: =ROUND(Annahmen!$K$36*(1+Annahmen!$B$20*D52/1000),0) -> 1298 | L52: =ROUND(Annahmen!$K$37*(1+Annahmen!$B$20*D52/1000),0) -> 1327 | M52: =ROUND(Annahmen!$K$38*(1+Annahmen!$B$20*D52/1000),0) -> 1327 | N52: Landeplatz
A53: Deutschland (184 Flugplätze)
A54: Flughafen Berlin Brandenburg | B54: EDDB | C54: 4000 | D54: 157 | E54: Asphalt/Beton | F54: =IF(C54>=J54,"ja","nein") -> ja | G54: =IF(C54>=K54,"ja","nein") -> ja | H54: =IF(C54>=L54,"ja","nein") -> ja | I54: =IF(C54>=M54,"ja","nein") -> ja | J54: =ROUND(Annahmen!$K$35*(1+Annahmen!$B$20*D54/1000),0) -> 852 | K54: =ROUND(Annahmen!$K$36*(1+Annahmen!$B$20*D54/1000),0) -> 1106 | L54: =ROUND(Annahmen!$K$37*(1+Annahmen!$B$20*D54/1000),0) -> 1131 | M54: =ROUND(Annahmen!$K$38*(1+Annahmen!$B$20*D54/1000),0) -> 1131 | N54: Verkehrsflughafen – Verkehrsflughafen – Slots/Handling
A55: Flughafen Frankfurt/Main | B55: EDDF | C55: 4000 | D55: 364 | E55: Asphalt/Beton | F55: =IF(C55>=J55,"ja","nein") -> ja | G55: =IF(C55>=K55,"ja","nein") -> ja | H55: =IF(C55>=L55,"ja","nein") -> ja | I55: =IF(C55>=M55,"ja","nein") -> ja | J55: =ROUND(Annahmen!$K$35*(1+Annahmen!$B$20*D55/1000),0) -> 868 | K55: =ROUND(Annahmen!$K$36*(1+Annahmen!$B$20*D55/1000),0) -> 1127 | L55: =ROUND(Annahmen!$K$37*(1+Annahmen!$B$20*D55/1000),0) -> 1152 | M55: =ROUND(Annahmen!$K$38*(1+Annahmen!$B$20*D55/1000),0) -> 1152 | N55: Verkehrsflughafen – Großflughafen – Slots, hohe Gebühren
A56: Flughafen München | B56: EDDM | C56: 4000 | D56: 1487 | E56: Asphalt/Beton | F56: =IF(C56>=J56,"ja","nein") -> ja | G56: =IF(C56>=K56,"ja","nein") -> ja | H56: =IF(C56>=L56,"ja","nein") -> ja | I56: =IF(C56>=M56,"ja","nein") -> ja | J56: =ROUND(Annahmen!$K$35*(1+Annahmen!$B$20*D56/1000),0) -> 952 | K56: =ROUND(Annahmen!$K$36*(1+Annahmen!$B$20*D56/1000),0) -> 1237 | L56: =ROUND(Annahmen!$K$37*(1+Annahmen!$B$20*D56/1000),0) -> 1264 | M56: =ROUND(Annahmen!$K$38*(1+Annahmen!$B$20*D56/1000),0) -> 1264 | N56: Verkehrsflughafen – Großflughafen – Slots
A57: Flughafen Köln/Bonn | B57: EDDK | C57: 3815 | D57: 302 | E57: Asphalt/Beton | F57: =IF(C57>=J57,"ja","nein") -> ja | G57: =IF(C57>=K57,"ja","nein") -> ja | H57: =IF(C57>=L57,"ja","nein") -> ja | I57: =IF(C57>=M57,"ja","nein") -> ja | J57: =ROUND(Annahmen!$K$35*(1+Annahmen!$B$20*D57/1000),0) -> 863 | K57: =ROUND(Annahmen!$K$36*(1+Annahmen!$B$20*D57/1000),0) -> 1121 | L57: =ROUND(Annahmen!$K$37*(1+Annahmen!$B$20*D57/1000),0) -> 1145 | M57: =ROUND(Annahmen!$K$38*(1+Annahmen!$B$20*D57/1000),0) -> 1145 | N57: Verkehrsflughafen
A58: Flughafen Frankfurt-Hahn | B58: EDFH | C58: 3800 | D58: 1649 | E58: Asphalt/Beton | F58: =IF(C58>=J58,"ja","nein") -> ja | G58: =IF(C58>=K58,"ja","nein") -> ja | H58: =IF(C58>=L58,"ja","nein") -> ja | I58: =IF(C58>=M58,"ja","nein") -> ja | J58: =ROUND(Annahmen!$K$35*(1+Annahmen!$B$20*D58/1000),0) -> 965 | K58: =ROUND(Annahmen!$K$36*(1+Annahmen!$B$20*D58/1000),0) -> 1253 | L58: =ROUND(Annahmen!$K$37*(1+Annahmen!$B$20*D58/1000),0) -> 1280 | M58: =ROUND(Annahmen!$K$38*(1+Annahmen!$B$20*D58/1000),0) -> 1280 | N58: Verkehrsflughafen
A59: Flughafen Hannover | B59: EDDV | C59: 3790 | D59: 183 | E59: Asphalt/Beton | F59: =IF(C59>=J59,"ja","nein") -> ja | G59: =IF(C59>=K59,"ja","nein") -> ja | H59: =IF(C59>=L59,"ja","nein") -> ja | I59: =IF(C59>=M59,"ja","nein") -> ja | J59: =ROUND(Annahmen!$K$35*(1+Annahmen!$B$20*D59/1000),0) -> 854 | K59: =ROUND(Annahmen!$K$36*(1+Annahmen!$B$20*D59/1000),0) -> 1109 | L59: =ROUND(Annahmen!$K$37*(1+Annahmen!$B$20*D59/1000),0) -> 1133 | M59: =ROUND(Annahmen!$K$38*(1+Annahmen!$B$20*D59/1000),0) -> 1133 | N59: Verkehrsflughafen
A60: Flughafen Hamburg | B60: EDDH | C60: 3666 | D60: 53 | E60: Asphalt/Beton | F60: =IF(C60>=J60,"ja","nein") -> ja | G60: =IF(C60>=K60,"ja","nein") -> ja | H60: =IF(C60>=L60,"ja","nein") -> ja | I60: =IF(C60>=M60,"ja","nein") -> ja | J60: =ROUND(Annahmen!$K$35*(1+Annahmen!$B$20*D60/1000),0) -> 844 | K60: =ROUND(Annahmen!$K$36*(1+Annahmen!$B$20*D60/1000),0) -> 1096 | L60: =ROUND(Annahmen!$K$37*(1+Annahmen!$B$20*D60/1000),0) -> 1120 | M60: =ROUND(Annahmen!$K$38*(1+Annahmen!$B$20*D60/1000),0) -> 1120 | N60: Verkehrsflughafen
A61: Flughafen Leipzig/Halle | B61: EDDP | C61: 3600 | D61: 465 | E61: Asphalt/Beton | F61: =IF(C61>=J61,"ja","nein") -> ja | G61: =IF(C61>=K61,"ja","nein") -> ja | H61: =IF(C61>=L61,"ja","nein") -> ja | I61: =IF(C61>=M61,"ja","nein") -> ja | J61: =ROUND(Annahmen!$K$35*(1+Annahmen!$B$20*D61/1000),0) -> 875 | K61: =ROUND(Annahmen!$K$36*(1+Annahmen!$B$20*D61/1000),0) -> 1137 | L61: =ROUND(Annahmen!$K$37*(1+Annahmen!$B$20*D61/1000),0) -> 1162 | M61: =ROUND(Annahmen!$K$38*(1+Annahmen!$B$20*D61/1000),0) -> 1162 | N61: Verkehrsflughafen
A62: Flughafen Stuttgart | B62: EDDS | C62: 3345 | D62: 1276 | E62: Asphalt/Beton | F62: =IF(C62>=J62,"ja","nein") -> ja | G62: =IF(C62>=K62,"ja","nein") -> ja | H62: =IF(C62>=L62,"ja","nein") -> ja | I62: =IF(C62>=M62,"ja","nein") -> ja | J62: =ROUND(Annahmen!$K$35*(1+Annahmen!$B$20*D62/1000),0) -> 936 | K62: =ROUND(Annahmen!$K$36*(1+Annahmen!$B$20*D62/1000),0) -> 1216 | L62: =ROUND(Annahmen!$K$37*(1+Annahmen!$B$20*D62/1000),0) -> 1243 | M62: =ROUND(Annahmen!$K$38*(1+Annahmen!$B$20*D62/1000),0) -> 1243 | N62: Verkehrsflughafen
A63: Flugplatz Bitburg | B63: EDRB | C63: 3056 | D63: 1220 | E63: Asphalt/Beton | F63: =IF(C63>=J63,"ja","nein") -> ja | G63: =IF(C63>=K63,"ja","nein") -> ja | H63: =IF(C63>=L63,"ja","nein") -> ja | I63: =IF(C63>=M63,"ja","nein") -> ja | J63: =ROUND(Annahmen!$K$35*(1+Annahmen!$B$20*D63/1000),0) -> 932 | K63: =ROUND(Annahmen!$K$36*(1+Annahmen!$B$20*D63/1000),0) -> 1211 | L63: =ROUND(Annahmen!$K$37*(1+Annahmen!$B$20*D63/1000),0) -> 1237 | M63: =ROUND(Annahmen!$K$38*(1+Annahmen!$B$20*D63/1000),0) -> 1237 | N63: Landeplatz – Ehem. Militärflugplatz
A64: Flughafen Düsseldorf | B64: EDDL | C64: 3000 | D64: 147 | E64: Asphalt/Beton | F64: =IF(C64>=J64,"ja","nein") -> ja | G64: =IF(C64>=K64,"ja","nein") -> ja | H64: =IF(C64>=L64,"ja","nein") -> ja | I64: =IF(C64>=M64,"ja","nein") -> ja | J64: =ROUND(Annahmen!$K$35*(1+Annahmen!$B$20*D64/1000),0) -> 851 | K64: =ROUND(Annahmen!$K$36*(1+Annahmen!$B$20*D64/1000),0) -> 1105 | L64: =ROUND(Annahmen!$K$37*(1+Annahmen!$B$20*D64/1000),0) -> 1130 | M64: =ROUND(Annahmen!$K$38*(1+Annahmen!$B$20*D64/1000),0) -> 1130 | N64: Verkehrsflughafen – Slots
A65: Flugplatz Lahr | B65: EDTL | C65: 3000 | D65: 511 | E65: Asphalt/Beton | F65: =IF(C65>=J65,"ja","nein") -> ja | G65: =IF(C65>=K65,"ja","nein") -> ja | H65: =IF(C65>=L65,"ja","nein") -> ja | I65: =IF(C65>=M65,"ja","nein") -> ja | J65: =ROUND(Annahmen!$K$35*(1+Annahmen!$B$20*D65/1000),0) -> 879 | K65: =ROUND(Annahmen!$K$36*(1+Annahmen!$B$20*D65/1000),0) -> 1141 | L65: =ROUND(Annahmen!$K$37*(1+Annahmen!$B$20*D65/1000),0) -> 1166 | M65: =ROUND(Annahmen!$K$38*(1+Annahmen!$B$20*D65/1000),0) -> 1166 | N65: Verkehrslandeplatz – Ehem. Militärflugplatz, ziviler Sonderlandeplatz
... A237: Flugplatz Rheine-Bentlage | B237: ETHE | C237: 510 | D237: 129 | E237: Asphalt/Beton | F237: =IF(C237>=J237,"ja","nein") -> nein | G237: =IF(C237>=K237,"ja","nein") -> nein | H237: =IF(C237>=L237,"ja","nein") -> nein | I237: =IF(C237>=M237,"ja","nein") -> nein | J237: =ROUND(Annahmen!$K$35*(1+Annahmen!$B$20*D237/1000),0) -> 850 | K237: =ROUND(Annahmen!$K$36*(1+Annahmen!$B$20*D237/1000),0) -> 1104 | L237: =ROUND(Annahmen!$K$37*(1+Annahmen!$B$20*D237/1000),0) -> 1128 | M237: =ROUND(Annahmen!$K$38*(1+Annahmen!$B$20*D237/1000),0) -> 1128 | N237: Landeplatz
A238: Dänemark (23 Flugplätze)
A239: Copenhagen Kastrup Airport | B239: EKCH | C239: 3600 | D239: 17 | E239: Asphalt/Beton | F239: =IF(C239>=J239,"ja","nein") -> ja | G239: =IF(C239>=K239,"ja","nein") -> ja | H239: =IF(C239>=L239,"ja","nein") -> ja | I239: =IF(C239>=M239,"ja","nein") -> ja | J239: =ROUND(Annahmen!$K$35*(1+Annahmen!$B$20*D239/1000),0) -> 841 | K239: =ROUND(Annahmen!$K$36*(1+Annahmen!$B$20*D239/1000),0) -> 1093 | L239: =ROUND(Annahmen!$K$37*(1+Annahmen!$B$20*D239/1000),0) -> 1117 | M239: =ROUND(Annahmen!$K$38*(1+Annahmen!$B$20*D239/1000),0) -> 1117 | N239: Verkehrsflughafen
A240: Billund Airport | B240: EKBI | C240: 3100 | D240: 247 | E240: Asphalt/Beton | F240: =IF(C240>=J240,"ja","nein") -> ja | G240: =IF(C240>=K240,"ja","nein") -> ja | H240: =IF(C240>=L240,"ja","nein") -> ja | I240: =IF(C240>=M240,"ja","nein") -> ja | J240: =ROUND(Annahmen!$K$35*(1+Annahmen!$B$20*D240/1000),0) -> 859 | K240: =ROUND(Annahmen!$K$36*(1+Annahmen!$B$20*D240/1000),0) -> 1115 | L240: =ROUND(Annahmen!$K$37*(1+Annahmen!$B$20*D240/1000),0) -> 1140 | M240: =ROUND(Annahmen!$K$38*(1+Annahmen!$B$20*D240/1000),0) -> 1140 | N240: Verkehrsflughafen
A241: Midtjyllands Airport / Air Base Karup | B241: EKKA | C241: 2992 | D241: 170 | E241: Asphalt/Beton | F241: =IF(C241>=J241,"ja","nein") -> ja | G241: =IF(C241>=K241,"ja","nein") -> ja | H241: =IF(C241>=L241,"ja","nein") -> ja | I241: =IF(C241>=M241,"ja","nein") -> ja | J241: =ROUND(Annahmen!$K$35*(1+Annahmen!$B$20*D241/1000),0) -> 853 | K241: =ROUND(Annahmen!$K$36*(1+Annahmen!$B$20*D241/1000),0) -> 1108 | L241: =ROUND(Annahmen!$K$37*(1+Annahmen!$B$20*D241/1000),0) -> 1132 | M241: =ROUND(Annahmen!$K$38*(1+Annahmen!$B$20*D241/1000),0) -> 1132 | N241: Verkehrslandeplatz – Militärisch/zivil mitbenutzt
A242: Aarhus Airport | B242: EKAH | C242: 2777 | D242: 82 | E242: Asphalt/Beton | F242: =IF(C242>=J242,"ja","nein") -> ja | G242: =IF(C242>=K242,"ja","nein") -> ja | H242: =IF(C242>=L242,"ja","nein") -> ja | I242: =IF(C242>=M242,"ja","nein") -> ja | J242: =ROUND(Annahmen!$K$35*(1+Annahmen!$B$20*D242/1000),0) -> 846 | K242: =ROUND(Annahmen!$K$36*(1+Annahmen!$B$20*D242/1000),0) -> 1099 | L242: =ROUND(Annahmen!$K$37*(1+Annahmen!$B$20*D242/1000),0) -> 1123 | M242: =ROUND(Annahmen!$K$38*(1+Annahmen!$B$20*D242/1000),0) -> 1123 | N242: Verkehrsflughafen
A243: Aalborg Airport | B243: EKYT | C243: 2654 | D243: 10 | E243: Asphalt/Beton | F243: =IF(C243>=J243,"ja","nein") -> ja | G243: =IF(C243>=K243,"ja","nein") -> ja | H243: =IF(C243>=L243,"ja","nein") -> ja | I243: =IF(C243>=M243,"ja","nein") -> ja | J243: =ROUND(Annahmen!$K$35*(1+Annahmen!$B$20*D243/1000),0) -> 841 | K243: =ROUND(Annahmen!$K$36*(1+Annahmen!$B$20*D243/1000),0) -> 1092 | L243: =ROUND(Annahmen!$K$37*(1+Annahmen!$B$20*D243/1000),0) -> 1116 | M243: =ROUND(Annahmen!$K$38*(1+Annahmen!$B$20*D243/1000),0) -> 1116 | N243: Verkehrsflughafen
A244: Esbjerg Airport | B244: EKEB | C244: 2599 | D244: 97 | E244: Asphalt/Beton | F244: =IF(C244>=J244,"ja","nein") -> ja | G244: =IF(C244>=K244,"ja","nein") -> ja | H244: =IF(C244>=L244,"ja","nein") -> ja | I244: =IF(C244>=M244,"ja","nein") -> ja | J244: =ROUND(Annahmen!$K$35*(1+Annahmen!$B$20*D244/1000),0) -> 847 | K244: =ROUND(Annahmen!$K$36*(1+Annahmen!$B$20*D244/1000),0) -> 1101 | L244: =ROUND(Annahmen!$K$37*(1+Annahmen!$B$20*D244/1000),0) -> 1125 | M244: =ROUND(Annahmen!$K$38*(1+Annahmen!$B$20*D244/1000),0) -> 1125 | N244: Verkehrslandeplatz
A245: Bornholm Airport | B245: EKRN | C245: 2002 | D245: 52 | E245: Asphalt/Beton | F245: =IF(C245>=J245,"ja","nein") -> ja | G245: =IF(C245>=K245,"ja","nein") -> ja | H245: =IF(C245>=L245,"ja","nein") -> ja | I245: =IF(C245>=M245,"ja","nein") -> ja | J245: =ROUND(Annahmen!$K$35*(1+Annahmen!$B$20*D245/1000),0) -> 844 | K245: =ROUND(Annahmen!$K$36*(1+Annahmen!$B$20*D245/1000),0) -> 1096 | L245: =ROUND(Annahmen!$K$37*(1+Annahmen!$B$20*D245/1000),0) -> 1120 | M245: =ROUND(Annahmen!$K$38*(1+Annahmen!$B$20*D245/1000),0) -> 1120 | N245: Verkehrslandeplatz
A246: Odense Hans Christian Andersen Airport | B246: EKOD | C246: 1845 | D246: 56 | E246: Asphalt/Beton | F246: =IF(C246>=J246,"ja","nein") -> ja | G246: =IF(C246>=K246,"ja","nein") -> ja | H246: =IF(C246>=L246,"ja","nein") -> ja | I246: =IF(C246>=M246,"ja","nein") -> ja | J246: =ROUND(Annahmen!$K$35*(1+Annahmen!$B$20*D246/1000),0) -> 844 | K246: =ROUND(Annahmen!$K$36*(1+Annahmen!$B$20*D246/1000),0) -> 1096 | L246: =ROUND(Annahmen!$K$37*(1+Annahmen!$B$20*D246/1000),0) -> 1121 | M246: =ROUND(Annahmen!$K$38*(1+Annahmen!$B$20*D246/1000),0) -> 1121 | N246: Verkehrsflughafen
A247: Sønderborg Airport | B247: EKSB | C247: 1797 | D247: 24 | E247: Asphalt/Beton | F247: =IF(C247>=J247,"ja","nein") -> ja | G247: =IF(C247>=K247,"ja","nein") -> ja | H247: =IF(C247>=L247,"ja","nein") -> ja | I247: =IF(C247>=M247,"ja","nein") -> ja | J247: =ROUND(Annahmen!$K$35*(1+Annahmen!$B$20*D247/1000),0) -> 842 | K247: =ROUND(Annahmen!$K$36*(1+Annahmen!$B$20*D247/1000),0) -> 1093 | L247: =ROUND(Annahmen!$K$37*(1+Annahmen!$B$20*D247/1000),0) -> 1117 | M247: =ROUND(Annahmen!$K$38*(1+Annahmen!$B$20*D247/1000),0) -> 1117 | N247: Verkehrslandeplatz
A248: Copenhagen Roskilde Airport | B248: EKRK | C248: 1740 | D248: 146 | E248: Asphalt/Beton | F248: =IF(C248>=J248,"ja","nein") -> ja | G248: =IF(C248>=K248,"ja","nein") -> ja | H248: =IF(C248>=L248,"ja","nein") -> ja | I248: =IF(C248>=M248,"ja","nein") -> ja | J248: =ROUND(Annahmen!$K$35*(1+Annahmen!$B$20*D248/1000),0) -> 851 | K248: =ROUND(Annahmen!$K$36*(1+Annahmen!$B$20*D248/1000),0) -> 1105 | L248: =ROUND(Annahmen!$K$37*(1+Annahmen!$B$20*D248/1000),0) -> 1130 | M248: =ROUND(Annahmen!$K$38*(1+Annahmen!$B$20*D248/1000),0) -> 1130 | N248: Verkehrslandeplatz
A249: Thisted Airport | B249: EKTS | C249: 1600 | D249: 23 | E249: Asphalt/Beton | F249: =IF(C249>=J249,"ja","nein") -> ja | G249: =IF(C249>=K249,"ja","nein") -> ja | H249: =IF(C249>=L249,"ja","nein") -> ja | I249: =IF(C249>=M249,"ja","nein") -> ja | J249: =ROUND(Annahmen!$K$35*(1+Annahmen!$B$20*D249/1000),0) -> 842 | K249: =ROUND(Annahmen!$K$36*(1+Annahmen!$B$20*D249/1000),0) -> 1093 | L249: =ROUND(Annahmen!$K$37*(1+Annahmen!$B$20*D249/1000),0) -> 1117 | M249: =ROUND(Annahmen!$K$38*(1+Annahmen!$B$20*D249/1000),0) -> 1117 | N249: Verkehrslandeplatz
A250: Stauning Vestjylland Airport | B250: EKVJ | C250: 1450 | D250: 17 | E250: Asphalt/Beton | F250: =IF(C250>=J250,"ja","nein") -> ja | G250: =IF(C250>=K250,"ja","nein") -> ja | H250: =IF(C250>=L250,"ja","nein") -> ja | I250: =IF(C250>=M250,"ja","nein") -> ja | J250: =ROUND(Annahmen!$K$35*(1+Annahmen!$B$20*D250/1000),0) -> 841 | K250: =ROUND(Annahmen!$K$36*(1+Annahmen!$B$20*D250/1000),0) -> 1093 | L250: =ROUND(Annahmen!$K$37*(1+Annahmen!$B$20*D250/1000),0) -> 1117 | M250: =ROUND(Annahmen!$K$38*(1+Annahmen!$B$20*D250/1000),0) -> 1117 | N250: Verkehrslandeplatz
... A261: Læsø Airport | B261: EKLS | C261: 928 | D261: 25 | E261: Asphalt/Beton | F261: =IF(C261>=J261,"ja","nein") -> ja | G261: =IF(C261>=K261,"ja","nein") -> nein | H261: =IF(C261>=L261,"ja","nein") -> nein | I261: =IF(C261>=M261,"ja","nein") -> nein | J261: =ROUND(Annahmen!$K$35*(1+Annahmen!$B$20*D261/1000),0) -> 842 | K261: =ROUND(Annahmen!$K$36*(1+Annahmen!$B$20*D261/1000),0) -> 1093 | L261: =ROUND(Annahmen!$K$37*(1+Annahmen!$B$20*D261/1000),0) -> 1118 | M261: =ROUND(Annahmen!$K$38*(1+Annahmen!$B$20*D261/1000),0) -> 1118 | N261: Landeplatz
A262: Estland (5 Flugplätze)
A263: Lennart Meri Tallinn Airport | B263: EETN | C263: 3480 | D263: 131 | E263: Asphalt/Beton | F263: =IF(C263>=J263,"ja","nein") -> ja | G263: =IF(C263>=K263,"ja","nein") -> ja | H263: =IF(C263>=L263,"ja","nein") -> ja | I263: =IF(C263>=M263,"ja","nein") -> ja | J263: =ROUND(Annahmen!$K$35*(1+Annahmen!$B$20*D263/1000),0) -> 850 | K263: =ROUND(Annahmen!$K$36*(1+Annahmen!$B$20*D263/1000),0) -> 1104 | L263: =ROUND(Annahmen!$K$37*(1+Annahmen!$B$20*D263/1000),0) -> 1128 | M263: =ROUND(Annahmen!$K$38*(1+Annahmen!$B$20*D263/1000),0) -> 1128 | N263: Verkehrsflughafen
A264: Kuressaare Airport | B264: EEKE | C264: 2000 | D264: 14 | E264: Asphalt/Beton | F264: =IF(C264>=J264,"ja","nein") -> ja | G264: =IF(C264>=K264,"ja","nein") -> ja | H264: =IF(C264>=L264,"ja","nein") -> ja | I264: =IF(C264>=M264,"ja","nein") -> ja | J264: =ROUND(Annahmen!$K$35*(1+Annahmen!$B$20*D264/1000),0) -> 841 | K264: =ROUND(Annahmen!$K$36*(1+Annahmen!$B$20*D264/1000),0) -> 1092 | L264: =ROUND(Annahmen!$K$37*(1+Annahmen!$B$20*D264/1000),0) -> 1116 | M264: =ROUND(Annahmen!$K$38*(1+Annahmen!$B$20*D264/1000),0) -> 1116 | N264: Verkehrslandeplatz
A265: Pärnu Airport | B265: EEPU | C265: 1970 | D265: 47 | E265: Asphalt/Beton | F265: =IF(C265>=J265,"ja","nein") -> ja | G265: =IF(C265>=K265,"ja","nein") -> ja | H265: =IF(C265>=L265,"ja","nein") -> ja | I265: =IF(C265>=M265,"ja","nein") -> ja | J265: =ROUND(Annahmen!$K$35*(1+Annahmen!$B$20*D265/1000),0) -> 844 | K265: =ROUND(Annahmen!$K$36*(1+Annahmen!$B$20*D265/1000),0) -> 1096 | L265: =ROUND(Annahmen!$K$37*(1+Annahmen!$B$20*D265/1000),0) -> 1120 | M265: =ROUND(Annahmen!$K$38*(1+Annahmen!$B$20*D265/1000),0) -> 1120 | N265: Verkehrslandeplatz
A266: Tartu Airport | B266: EETU | C266: 1800 | D266: 220 | E266: Asphalt/Beton | F266: =IF(C266>=J266,"ja","nein") -> ja | G266: =IF(C266>=K266,"ja","nein") -> ja | H266: =IF(C266>=L266,"ja","nein") -> ja | I266: =IF(C266>=M266,"ja","nein") -> ja | J266: =ROUND(Annahmen!$K$35*(1+Annahmen!$B$20*D266/1000),0) -> 857 | K266: =ROUND(Annahmen!$K$36*(1+Annahmen!$B$20*D266/1000),0) -> 1113 | L266: =ROUND(Annahmen!$K$37*(1+Annahmen!$B$20*D266/1000),0) -> 1137 | M266: =ROUND(Annahmen!$K$38*(1+Annahmen!$B$20*D266/1000),0) -> 1137 | N266: Verkehrslandeplatz
A267: Kärdla Airport | B267: EEKA | C267: 1520 | D267: 18 | E267: Asphalt/Beton | F267: =IF(C267>=J267,"ja","nein") -> ja | G267: =IF(C267>=K267,"ja","nein") -> ja | H267: =IF(C267>=L267,"ja","nein") -> ja | I267: =IF(C267>=M267,"ja","nein") -> ja | J267: =ROUND(Annahmen!$K$35*(1+Annahmen!$B$20*D267/1000),0) -> 841 | K267: =ROUND(Annahmen!$K$36*(1+Annahmen!$B$20*D267/1000),0) -> 1093 | L267: =ROUND(Annahmen!$K$37*(1+Annahmen!$B$20*D267/1000),0) -> 1117 | M267: =ROUND(Annahmen!$K$38*(1+Annahmen!$B$20*D267/1000),0) -> 1117 | N267: Verkehrslandeplatz
A268: Finnland (62 Flugplätze)
A269: Helsinki Vantaa Airport | B269: EFHK | C269: 3500 | D269: 179 | E269: Asphalt/Beton | F269: =IF(C269>=J269,"ja","nein") -> ja | G269: =IF(C269>=K269,"ja","nein") -> ja | H269: =IF(C269>=L269,"ja","nein") -> ja | I269: =IF(C269>=M269,"ja","nein") -> ja | J269: =ROUND(Annahmen!$K$35*(1+Annahmen!$B$20*D269/1000),0) -> 854 | K269: =ROUND(Annahmen!$K$36*(1+Annahmen!$B$20*D269/1000),0) -> 1109 | L269: =ROUND(Annahmen!$K$37*(1+Annahmen!$B$20*D269/1000),0) -> 1133 | M269: =ROUND(Annahmen!$K$38*(1+Annahmen!$B$20*D269/1000),0) -> 1133 | N269: Verkehrsflughafen
A270: Rovaniemi Airport | B270: EFRO | C270: 3002 | D270: 642 | E270: Asphalt/Beton | F270: =IF(C270>=J270,"ja","nein") -> ja | G270: =IF(C270>=K270,"ja","nein") -> ja | H270: =IF(C270>=L270,"ja","nein") -> ja | I270: =IF(C270>=M270,"ja","nein") -> ja | J270: =ROUND(Annahmen!$K$35*(1+Annahmen!$B$20*D270/1000),0) -> 889 | K270: =ROUND(Annahmen!$K$36*(1+Annahmen!$B$20*D270/1000),0) -> 1154 | L270: =ROUND(Annahmen!$K$37*(1+Annahmen!$B$20*D270/1000),0) -> 1179 | M270: =ROUND(Annahmen!$K$38*(1+Annahmen!$B$20*D270/1000),0) -> 1179 | N270: Verkehrsflughafen
A271: Kuopio Airport | B271: EFKU | C271: 2800 | D271: 323 | E271: Asphalt/Beton | F271: =IF(C271>=J271,"ja","nein") -> ja | G271: =IF(C271>=K271,"ja","nein") -> ja | H271: =IF(C271>=L271,"ja","nein") -> ja | I271: =IF(C271>=M271,"ja","nein") -> ja | J271: =ROUND(Annahmen!$K$35*(1+Annahmen!$B$20*D271/1000),0) -> 864 | K271: =ROUND(Annahmen!$K$36*(1+Annahmen!$B$20*D271/1000),0) -> 1123 | L271: =ROUND(Annahmen!$K$37*(1+Annahmen!$B$20*D271/1000),0) -> 1147 | M271: =ROUND(Annahmen!$K$38*(1+Annahmen!$B$20*D271/1000),0) -> 1147 | N271: Verkehrsflughafen
A272: Kauhava Airfield | B272: EFKA | C272: 2700 | D272: 151 | E272: Asphalt/Beton | F272: =IF(C272>=J272,"ja","nein") -> ja | G272: =IF(C272>=K272,"ja","nein") -> ja | H272: =IF(C272>=L272,"ja","nein") -> ja | I272: =IF(C272>=M272,"ja","nein") -> ja | J272: =ROUND(Annahmen!$K$35*(1+Annahmen!$B$20*D272/1000),0) -> 851 | K272: =ROUND(Annahmen!$K$36*(1+Annahmen!$B$20*D272/1000),0) -> 1106 | L272: =ROUND(Annahmen!$K$37*(1+Annahmen!$B$20*D272/1000),0) -> 1130 | M272: =ROUND(Annahmen!$K$38*(1+Annahmen!$B$20*D272/1000),0) -> 1130 | N272: Verkehrslandeplatz
A273: Tampere-Pirkkala Airport | B273: EFTP | C273: 2700 | D273: 390 | E273: Asphalt/Beton | F273: =IF(C273>=J273,"ja","nein") -> ja | G273: =IF(C273>=K273,"ja","nein") -> ja | H273: =IF(C273>=L273,"ja","nein") -> ja | I273: =IF(C273>=M273,"ja","nein") -> ja | J273: =ROUND(Annahmen!$K$35*(1+Annahmen!$B$20*D273/1000),0) -> 869 | K273: =ROUND(Annahmen!$K$36*(1+Annahmen!$B$20*D273/1000),0) -> 1129 | L273: =ROUND(Annahmen!$K$37*(1+Annahmen!$B$20*D273/1000),0) -> 1154 | M273: =ROUND(Annahmen!$K$38*(1+Annahmen!$B$20*D273/1000),0) -> 1154 | N273: Verkehrsflughafen
A274: Vaasa Airport | B274: EFVA | C274: 2660 | D274: 19 | E274: Asphalt/Beton | F274: =IF(C274>=J274,"ja","nein") -> ja | G274: =IF(C274>=K274,"ja","nein") -> ja | H274: =IF(C274>=L274,"ja","nein") -> ja | I274: =IF(C274>=M274,"ja","nein") -> ja | J274: =ROUND(Annahmen!$K$35*(1+Annahmen!$B$20*D274/1000),0) -> 841 | K274: =ROUND(Annahmen!$K$36*(1+Annahmen!$B$20*D274/1000),0) -> 1093 | L274: =ROUND(Annahmen!$K$37*(1+Annahmen!$B$20*D274/1000),0) -> 1117 | M274: =ROUND(Annahmen!$K$38*(1+Annahmen!$B$20*D274/1000),0) -> 1117 | N274: Verkehrsflughafen
A275: Halli Airport | B275: EFHA | C275: 2601 | D275: 479 | E275: Asphalt/Beton | F275: =IF(C275>=J275,"ja","nein") -> ja | G275: =IF(C275>=K275,"ja","nein") -> ja | H275: =IF(C275>=L275,"ja","nein") -> ja | I275: =IF(C275>=M275,"ja","nein") -> ja | J275: =ROUND(Annahmen!$K$35*(1+Annahmen!$B$20*D275/1000),0) -> 876 | K275: =ROUND(Annahmen!$K$36*(1+Annahmen!$B$20*D275/1000),0) -> 1138 | L275: =ROUND(Annahmen!$K$37*(1+Annahmen!$B$20*D275/1000),0) -> 1163 | M275: =ROUND(Annahmen!$K$38*(1+Annahmen!$B$20*D275/1000),0) -> 1163 | N275: Verkehrslandeplatz
A276: Jyväskylä Airport | B276: EFJY | C276: 2601 | D276: 459 | E276: Asphalt/Beton | F276: =IF(C276>=J276,"ja","nein") -> ja | G276: =IF(C276>=K276,"ja","nein") -> ja | H276: =IF(C276>=L276,"ja","nein") -> ja | I276: =IF(C276>=M276,"ja","nein") -> ja | J276: =ROUND(Annahmen!$K$35*(1+Annahmen!$B$20*D276/1000),0) -> 875 | K276: =ROUND(Annahmen!$K$36*(1+Annahmen!$B$20*D276/1000),0) -> 1136 | L276: =ROUND(Annahmen!$K$37*(1+Annahmen!$B$20*D276/1000),0) -> 1161 | M276: =ROUND(Annahmen!$K$38*(1+Annahmen!$B$20*D276/1000),0) -> 1161 | N276: Verkehrslandeplatz
A277: Kemi-Tornio Airport | B277: EFKE | C277: 2503 | D277: 61 | E277: Asphalt/Beton | F277: =IF(C277>=J277,"ja","nein") -> ja | G277: =IF(C277>=K277,"ja","nein") -> ja | H277: =IF(C277>=L277,"ja","nein") -> ja | I277: =IF(C277>=M277,"ja","nein") -> ja | J277: =ROUND(Annahmen!$K$35*(1+Annahmen!$B$20*D277/1000),0) -> 845 | K277: =ROUND(Annahmen!$K$36*(1+Annahmen!$B$20*D277/1000),0) -> 1097 | L277: =ROUND(Annahmen!$K$37*(1+Annahmen!$B$20*D277/1000),0) -> 1121 | M277: =ROUND(Annahmen!$K$38*(1+Annahmen!$B$20*D277/1000),0) -> 1121 | N277: Verkehrslandeplatz
A278: Oulu Airport | B278: EFOU | C278: 2501 | D278: 47 | E278: Asphalt/Beton | F278: =IF(C278>=J278,"ja","nein") -> ja | G278: =IF(C278>=K278,"ja","nein") -> ja | H278: =IF(C278>=L278,"ja","nein") -> ja | I278: =IF(C278>=M278,"ja","nein") -> ja | J278: =ROUND(Annahmen!$K$35*(1+Annahmen!$B$20*D278/1000),0) -> 844 | K278: =ROUND(Annahmen!$K$36*(1+Annahmen!$B$20*D278/1000),0) -> 1096 | L278: =ROUND(Annahmen!$K$37*(1+Annahmen!$B$20*D278/1000),0) -> 1120 | M278: =ROUND(Annahmen!$K$38*(1+Annahmen!$B$20*D278/1000),0) -> 1120 | N278: Verkehrsflughafen
A279: Joensuu Airport | B279: EFJO | C279: 2500 | D279: 398 | E279: Asphalt/Beton | F279: =IF(C279>=J279,"ja","nein") -> ja | G279: =IF(C279>=K279,"ja","nein") -> ja | H279: =IF(C279>=L279,"ja","nein") -> ja | I279: =IF(C279>=M279,"ja","nein") -> ja | J279: =ROUND(Annahmen!$K$35*(1+Annahmen!$B$20*D279/1000),0) -> 870 | K279: =ROUND(Annahmen!$K$36*(1+Annahmen!$B$20*D279/1000),0) -> 1130 | L279: =ROUND(Annahmen!$K$37*(1+Annahmen!$B$20*D279/1000),0) -> 1155 | M279: =ROUND(Annahmen!$K$38*(1+Annahmen!$B$20*D279/1000),0) -> 1155 | N279: Verkehrslandeplatz
A280: Kokkola-Pietarsaari Airport | B280: EFKK | C280: 2500 | D280: 84 | E280: Asphalt/Beton | F280: =IF(C280>=J280,"ja","nein") -> ja | G280: =IF(C280>=K280,"ja","nein") -> ja | H280: =IF(C280>=L280,"ja","nein") -> ja | I280: =IF(C280>=M280,"ja","nein") -> ja | J280: =ROUND(Annahmen!$K$35*(1+Annahmen!$B$20*D280/1000),0) -> 846 | K280: =ROUND(Annahmen!$K$36*(1+Annahmen!$B$20*D280/1000),0) -> 1099 | L280: =ROUND(Annahmen!$K$37*(1+Annahmen!$B$20*D280/1000),0) -> 1123 | M280: =ROUND(Annahmen!$K$38*(1+Annahmen!$B$20*D280/1000),0) -> 1123 | N280: Verkehrslandeplatz
... A330: Kumlinge Airfield | B330: EFKG | C330: 600 | D330: 7 | E330: Asphalt/Beton | F330: =IF(C330>=J330,"ja","nein") -> nein | G330: =IF(C330>=K330,"ja","nein") -> nein | H330: =IF(C330>=L330,"ja","nein") -> nein | I330: =IF(C330>=M330,"ja","nein") -> nein | J330: =ROUND(Annahmen!$K$35*(1+Annahmen!$B$20*D330/1000),0) -> 841 | K330: =ROUND(Annahmen!$K$36*(1+Annahmen!$B$20*D330/1000),0) -> 1092 | L330: =ROUND(Annahmen!$K$37*(1+Annahmen!$B$20*D330/1000),0) -> 1116 | M330: =ROUND(Annahmen!$K$38*(1+Annahmen!$B$20*D330/1000),0) -> 1116 | N330: Landeplatz
A331: Frankreich (218 Flugplätze)
A332: Charles de Gaulle International Airport | B332: LFPG | C332: 4215 | D332: 392 | E332: Asphalt/Beton | F332: =IF(C332>=J332,"ja","nein") -> ja | G332: =IF(C332>=K332,"ja","nein") -> ja | H332: =IF(C332>=L332,"ja","nein") -> ja | I332: =IF(C332>=M332,"ja","nein") -> ja | J332: =ROUND(Annahmen!$K$35*(1+Annahmen!$B$20*D332/1000),0) -> 870 | K332: =ROUND(Annahmen!$K$36*(1+Annahmen!$B$20*D332/1000),0) -> 1129 | L332: =ROUND(Annahmen!$K$37*(1+Annahmen!$B$20*D332/1000),0) -> 1154 | M332: =ROUND(Annahmen!$K$38*(1+Annahmen!$B$20*D332/1000),0) -> 1154 | N332: Verkehrsflughafen
A333: Lyon Saint-Exupéry Airport | B333: LFLL | C333: 4000 | D333: 821 | E333: Asphalt/Beton | F333: =IF(C333>=J333,"ja","nein") -> ja | G333: =IF(C333>=K333,"ja","nein") -> ja | H333: =IF(C333>=L333,"ja","nein") -> ja | I333: =IF(C333>=M333,"ja","nein") -> ja | J333: =ROUND(Annahmen!$K$35*(1+Annahmen!$B$20*D333/1000),0) -> 902 | K333: =ROUND(Annahmen!$K$36*(1+Annahmen!$B$20*D333/1000),0) -> 1172 | L333: =ROUND(Annahmen!$K$37*(1+Annahmen!$B$20*D333/1000),0) -> 1197 | M333: =ROUND(Annahmen!$K$38*(1+Annahmen!$B$20*D333/1000),0) -> 1197 | N333: Verkehrsflughafen
A334: EuroAirport Basel–Mulhouse–Freiburg | B334: LFSB | C334: 3900 | D334: 885 | E334: Asphalt/Beton | F334: =IF(C334>=J334,"ja","nein") -> ja | G334: =IF(C334>=K334,"ja","nein") -> ja | H334: =IF(C334>=L334,"ja","nein") -> ja | I334: =IF(C334>=M334,"ja","nein") -> ja | J334: =ROUND(Annahmen!$K$35*(1+Annahmen!$B$20*D334/1000),0) -> 907 | K334: =ROUND(Annahmen!$K$36*(1+Annahmen!$B$20*D334/1000),0) -> 1178 | L334: =ROUND(Annahmen!$K$37*(1+Annahmen!$B$20*D334/1000),0) -> 1204 | M334: =ROUND(Annahmen!$K$38*(1+Annahmen!$B$20*D334/1000),0) -> 1204 | N334: Verkehrsflughafen
...
